youtubeId,movieId,title,transcription
K26_sDKnvMU,1,Toy Story (1995),big walt disney pictures present totally new animate motion picture event star command come read story toy sign intelligent life hello I m harry porosho woody spot buzz lightyear come peace child playthe sad strange little man play rule draw fuck do not like confrontation boss look alien ha ha you re mucky be not oh impressive wingspan good oh can not fly yes can not can not can not can not can not holiday season adventure take toy come life oh infinity toy story look can not run honey
3LPANjHlPxo,2,Jumanji (1995),I m glad decide buy place I m sure kid happy house secret everybody town think place haunt happen house it ll allow parish vanish 25 year ago mystery begin long time ago I m sure kid happy house secret everybody town think place haunt happen house long time ago alan parish young boy incredible discovery mind want play alan look jungle wait day street 5 8 happen alan alan alan 26 year later peter judy shepard play game incredible discovery alan parish oh gosh think dead shave roll dice you re play game start 1969 I m go play finish game turn genesis sarah whittle alan 26 year ago start play little game oh god sarah alan 2000 hour convince thing success we ve rod sarah go sit go finish sarah whittle sarah whittle sarah whittle stop update extraordinary event unfold hapshirt try start picture presents robin williams jumanji
rEnOoWs3FuA,3,Grumpier Old Men (1995),right hut cranky mike dordwood ugly shave ass teach walk backwards grumpy look sir you ve mind bring wisdom instead bring plowly far desirable complimental great look get couple let hear sufficient seam maria you re like mount fireplace that s bad have not man long time they re get old they re get lucky walk I m fool miss time talk think he d hook catch lifetime think I d like well getting take favorite bait shoot science honey stop molly max i d live jettlin walter matha marv sofia loretta good afternoon shall ask garlic bread i d kiss dead mousse butt ill grumpy old man place ill cannelloni I m go to stick work
j9xml1CxgXI,4,Waiting to Exhale (1995),savannah bernadine robin gloria friend determine face reality man love marry god kid tell maybe daddy love find perfect love michael pretty he s available good love world man beg oh control live I m leave wait minute 11 year life you re tell you re leave woman dream come true you d like tonight leftover collar green cornbread candy yam little potato salad fry chicken pizza cove slice ham do not business eat big like like woman little meat bone know ooh 20th century fox proudly present admit have not see splendid I ve okay you re do not look whitney houston know leave right wrong time go to wait little bit long expect think look look like scum earth angela bassett need somebody hold damn lot lila rishan think va loretta divine oh god hope he s watch walk away right he s watch walk wait exhale direct forest whitaker
2GfZl4kuVNI,6,Heat (1995),you re feel search scent prey hunt that s thing you re commit keep sharp edge get to want make move street allow life walk 30 second flat spot heat corner life disaster song spend time chase guy like clock good score well try stop guy like you ve walk life dad I m go gunfather santa boboom get rage bull good fellow soon get phone soon get house soon get house fair performance create legacy landmark film want surveillance 24 hour round clock close open seven day week time america electrify actor collide guy machine push bank worth risk 122 million you re crew good risk like risk versus reward baby future number bullet nwrstrumbledwebh I m dead get to away will not like ill tell going get box get to matter way hesitate second alcuchino robert de niro fall killer michael mann foole heat
twTksx_lWB4,7,Sabrina (1995),sip time mansion long island world money work play linus larripe billionaire do not feel like buy network year there s good play work brother david different kind billionaire guy work sunday huh wednesday david like propose toast join forever gorgeous people gorgeous company larribee live happily unexpected appearance awaken magical hello hello sabrina sabrina look grow sabrina say shed like sister bad rig sister that s dance right future law hustle chauffeur daughter there s sabrina know sound crazy think I m fall love hi do not want try break engagement thing happen 24 hour unhappy she s talk life pay life david life make life possible resent like sabrina i m kiss billion dollar do not care hair exactly people world live heart dona think sad you re take dad dad lose cause mountain picture present film sydney park convince thing miss body i m life I ve get surprise get harrison ford julia almond greg keneer sabrina hear refer world live heart dona i m world live heart i m world live heart i m world live heart i m world live heart i m world live heart i m world live heart i m world live heart i m world live heart i m world live heart
lcOqUE0u1LM,10,GoldenEye (1995),world world target 72 hour ago secret weapon system detonate 7 threat real deny exist radiation surge destroy electronic circuit depend man want find god find take stop bond james bond world famous secret agent aim time 007 face ultimate enemy man know good hello james what s unpleasant surprise 006 what s message pithy kondak friend enemy kill satellite range target london entire world catch crossfire hell james chili pleasure check ah tell click arm fuse do not writing wall grow doubleosirly think you re sexist misogynist dinosaur relic cold war you re james well fuse stop look boy toy trick quit you re would not think charne sophisticated secret agent shake disturb lose spawn bond man will not hint do not need gun depend definition safe sex november 17th run united artist bring trust james bond go good boy die that s trick I ve learn
UrC75wUKoFM,11,"American President, The (1995)",president ask convey he s send energy bill floor 10 reduction president expect support yes president dream president critically misjudged reality honestly think environmental community go whistle happy tune rally support pitifully lame mockery environmental leadership boss chief executive fancy lab hello mr president today could not well apology interruption mr president do not know I m speechless evidence contrary happen call sydney wade ask date state dinner thursday evening president can not screw date I m have dinner white house I m have lunch kremlin do not know happen minute call mockery environmental leader minute date do not sir pass note study like dance yeah guess mean yes sir i d love mind hire gun ultraliberal political action committee mind 12 year old daughter sleep hall lucy okay have dinner lady dad cool mind folk bob rumsen I m run president past seven week 59 country begin question family value do not talk presidency poll talk life get nip bud catastrophe write sydney man leader free world he s brilliant he s funny he s average dancer be not possible standard tad high think there ll time stand room think president
tVdn8JH91Dg,12,Dracula: Dead and Loving It (1995),frightening shocking tale cal dracula vampire exist face unlike change innocent human being oh jonathan let kiss I m british I m sorry woman windowe powerless spell stand sit stand sit stand walk terrorist door watch evil desire end she s alive she s farate she s italian mistake stop leslie wilson peter mcnigal stephen weber amy yazbeck lizette anthony harvey corman mel brooks dies evict unspeakable creature calm keyword calm dracula dead love good
dO2LWKpeyI8,14,Nixon (1995),I m sorry root humble grow little lemon ranch poor lemon ranch california enjoy richie come woody dad sell find ambition huge time new leadership united states america triumph invictory underestimated nixon hate I m restman bitter defeat will not nixon grand anymore change world bunstrow balance power shift favor lose nation kid useless pay price power hate hate do not win hate destroy can not damn secret government they re steal paper right office create intelligence unit right inside white house get press time get big bowl want dick ill go win time feel yes division country that s create young man great hero abraham lincoln bring country love man love daddy you re decent person know do not know real there s country know think kissinger tape coal history there s cancer presidency grow richard open mouth domino fall people get know they re president crook crook go buckle people dead kid hell democrats weapon like mean cambodia do not work bomb hanhau that s right that s right drop big sudden death general monroe I m go ground stick spike twist mercy screw head come get be not forget put american people change heart big sir congress consider article impeachment child yous power take long time fall love dick do not happy want love structure justice failure cooperate congress sir go cost rest stop pay debt nixon finish he s completely lose touch reality bombing cambodia sir can not reach bomb cambodia president obama everybody like dick understand hate rich strength life happiness you ve deep valley know magnificent high mountain man do not cry do not cry fight look want look
EJXDMwGWhoA,16,Casino (1995),hell handicap tell good run paradise earth big casino las vegas run 10 year know i d run way nobodys go interfere run casino guarantee like you re guy lot money good eye right look place money think move get joke you re go low profile right bat do not like guy like oh yeah oh like money lot yeah happen yeah you re go settle want family get wrong girl you ll settle rest life do not know know you re month run paradise I m get baby find guy dozen that s good get problem do not listen maybe can not lose can not clear son try know entire bury bury bury able trust life trust trust I m guard fbi i m guard police pretender I m guard police want town exist he s little scoundrel stop realize want rid ahead rid I m guard police
DfqPjRMsRP0,19,Ace Ventura: When Nature Calls (1995),deep jungle africa tribe fight savage war sacred animal god find they re send man help jim carey ace ventura pet detective slow monsense pen embark delicate mission leajaguelve help people untouched civilization know disease white man oh shit fight blind fear immune pain dare oh oh oh oh hell gain respect tribe oh oh oh oh discover animal answer nature call ace ventura africa ah want play africa I m alive ha ha ha carl carl jim carey do not know tooth ace ventura nature call hello stinky little friend oh oh oh oh oh oh oh oh oh oh oh oh oh oh oh oh oh oh oh oh oh oh oh oh oh oh oh oh oh oh oh oh oh oh oh oh oh oh oh oh oh oh oh oh oh oh oh oh oh oh oh oh oh oh oh oh oh oh oh oh oh oh oh oh oh oh oh oh oh oh oh oh oh oh oh oh oh oh oh oh oh oh oh oh oh oh oh oh oh oh oh oh oh oh oh oh oh oh oh oh oh oh oh oh oh oh oh oh oh oh oh
yNLaTtpovys,21,Get Shorty (1995),town know fame wealth glamour honest man come hollywood kill chilly palmer chillys gangster run club play gangster miami mummo day movie huh produce feature motion picture get idea movie do not everybody yesterday sean yeah twit think movie business different ray look do not look bring heavy deal think ought turn miami you re stunt man huh yeah you re good mean he s get dough reach oh that s bad guy size get major star interested there s twotime academy award nominee martin weir play amal guy turn snitch cyclone good part well play cripple gay guy time witness guess line work there s time kind rough right speak mr palmer husband blow oh way you re get martin weir love joanne go I m go gun I m going set I m go son paper monitor that s wonder work john travolta think actor know you re act do not think fake jean hackman know I m help ahead card renée rousseau harry dream 40 million production hell ground star hell sign help danny devito look I m have memory I m wonder wrong slip away do not slip away martin go nikki birthday party yeah good party rough business smooth business do not puke shoe harry I m go loan shark rest shotty fade music
lsmXhM4yfU0,22,Copycat (1995),turn killer suffer death human determination build life plan obsessive detail prop hell bring knot hell tie let ask guy turn criminal psychiatrist there s serial killer strangle woman he s go homicide detective work you re kid right want discuss case shape way form boston strangler you re tell disguise copycatting serial killer dead 20 year you re look intelligent white male 20 30 year old socially functional different different guy he s switch cell vote yagi bruno hillside strangler man copy notorious killer history time he s send letter like he s dare nail want famous catch I m death life yidda know mr column safe san quentin night come book show mattress woman stop man kill woman city see apartment kill know change lock tighten security pray sigourney weaver holly hunter harry connick jr deadly game cat copycat copycat
OOTTvrb4JZI,23,Assassins (1995),know day come tell worth play game right kind shoe wear day come shadows life business death robert rath ready stop kill history stop equipment eye rival help I m look what s check plot map real competition begin contrary try kill buddy that s good ring right I m go tear heart do not leave sport case can not buddy wish i d aim layout move target game end win do not play warner brothers present soul vester stallone 10 oclock tomorrow morning I m go bank he s go plaza crowd ill shoot bank away prime shot antonio benderos woman kill man pull trigger different way julian moore strange man robert rath long ill number step outside say you re free fall do not eye surprise second possessence direct richard dunner
gHl-UHu2-lM,24,Powder (1995),I m sorry I m sorry I m sorry I m sorry I m sorry I m sorry I m sorry jesse thank make drive hear he s move tell do not try talk bet ass do not old man die night neighbor find morning figure kid grandson neighbor retarded say form neighbor talk like he s kind fan have not meet good look hello what s I m read get nobodys go to believe get horn corner say old boy die natural cause evidence fibrillation body juice electricity old man lay dead night think paramedic show morning try paddle tell kid electrocute old man think he s dr frankenstein I m say that s I m say that s I m say that s I m say that s spooky I ve think we d find man white harley I ve see like get kind disease I m say that s I m say that s I m say that s I m say that s I m say that s I m say that s I m say that s I m say that s I m say that s I m say that s I m say that s I m say that s I m say that s I m say that s I m say that s I m say that s I m say that s
UMlYWZgCIgo,25,Leaving Las Vegas (1995),heart cry cry load glass shell drive come home you re cute do not bed believe okay life rock can not remember get time go to let okay okay go to thought i d las vegas plus cheek ben be not plan start new life be not ask second chance road bovean get lonely hell come room hour 500 sarah thought life meet ben do not stay place tonight okay wow look extremely beautiful come rain come shine odd unlucky people fall head heel oh god come come come nicholas cage nurse elizabeth shoe what s tonight 500 watch sleep look like I m right girl leave las vegas
RQLVzTtt2Ws,27,Now and Then (1995),truth dare truth happy happy that s good question I m realize I ve spend entire adult life try recapture way feel summer 1970 hey kenny where s fight softball game penelope field go to win wait summer start change hey whirver come sucker I m funny I m funny matter get big wanted hear fact go parent I ve think ask sex casually scare french kiss kidding do not want pregnant want know truth go friend like somebody go boo that s sex thing do not surprise summer friend bad mother somebody teach act like girl bet need friend matter happen life beautiful good friend life life come think see pet saw pet do not pet do not pet forget candy lima like new line cinema present christina ricci rosie odonnell roberta you re woman verge I m like volcano ready erupt foul verge melanie griffith teeny sexual magnet attract man fore corners world gabby hoffman demi moore samantha do not afraid plunge surprise he s bring ashley aston moore rita wilson chrissy like inhibition die like prong business film mention ill beat hell I m girl chris waterbub ron little late cultural cologne friend look like rush limbaugh find go true big boob big boob 36d penny oh sure straw dance direct leslie lingerglider
lYSHAyODiGs,28,Persuasion (1995),love jane austen timeless classic come story woman captain desire strong stay ocho destroy involve man forge new connection heart desire charming clever extraordinary ability discompose friend sir extraordinary ability influence ma family disdain prefer sailor family connection new ability england ireland mies woman open persuasion critic persuasion sindevelopable man soul delicious want end simply fine movie year year god room view you ll cherish persuasion
gA-5nLQCmW8,31,Dangerous Minds (1995),kid reject hell kid high iqs low grade get to attention submarine submarine student do not know want pass try having see guy week help maybe get lose way class want help find way get to crazy stay teach program class stay smoke I m crazy kid fragile get rage die light promise yeah could not walk head marie understand come live neighborhood week you ll tell get choice lot people live neighborhood choose bus choice victim classroom life life life life life life
15s4Y9ffW_o,32,Twelve Monkeys (a.k.a. 12 Monkeys) (1995),you re good observer karl advanced program different opportunity reduce sentence considerably possibly play important role return human race surface earth license prince warrant somebody tell camp like I m go camp I m go camp I m go camp somebody tell camp like good eyeball year year think 1996 that s future james think you re live future simply try gather information help people present trace path virus present place crazy people I m say you re mentally floor know you re crazy loon know 12 monkey one spread virus muckish he s live meticulously construct fantasy world want start disintegrate have not addict die world sir need help think I m crazy people start die expulsion do not belong you re system know thing do not know yes son send wrong year you re sit science be not exact science bullet world leg james do not know you re train psychiatrist know difference what s real what s say delusion say explain try want future dog help can not hide do not try monkey thing live throne they re watch want charge planet
3_wez2B83ic,33,Wings of Courage (1995),yes he s santiago land turn storm start soon leave could not find hole get home know happen say try times pass block hail he s okay plane hold change propeller recamp right wing get knock yeah there s lot damage you ll ready tomorrow renee say repair overnight listen I m hold day mail need sure you ll able tomorrow delay st x european mail wait he s ask sure you ll able ill yes okay tomorrow good henry want speak important ill offer right hell hold hello
tVxeoUtVF0o,34,Babe (1995),boss wife sheep dog sheep animal oh we ve get duck figure feed love mom good heaven thank fear little pig bit low he s go sleep mom wet pig pig i m story brave soul hello sir oh oh who s try find destiny work sheep today pig remember dominate bend ruff ruff ruff ruff know path easy I m sure realize animal alive you re duck think rooster pig think dog accept thankful he s determined sheep they re inferior they re care business little pig like need ask way thank kind pleasure they re little pig universal picture come story bade look like intelligence person kick discern thing pig gift gas la la la nerve steel you re big butand heart mom ha ha ha love babe come see standing get cream heart get little boy get little girl
ccq3f9-lQyM,35,Carrington (1995),know rapist get think disgusting old man beard he s bummer know mean I m и sexual you d beț really晚上 call captain dora let sickness character hell age virgin virgin age progress patience kill explain respect I m important artist think realize love charlotte tend impulsive matter like time ask virginia woolf marry turned accept ghastly I ve mean tell can not approve rex real roger I m favor rex rex tell do not marry he s resolve bring believe think ought tell love aware you re friend she s wife mean you re captain can not I m ask help dear know I m suppose bringing month know I m go excited inside go live disgusting pamphlet think ought physical do not mind think go way she s fair child do not know people love live inevitable result fall love drive insane
qpQ-CnutDy0,37,Across the Sea of Time (1995),forget moment see new york city miraculous place like imagine grand avenue far eye line building touch sky think walk city street look work logic yesterday explore financial district wall street tars american industry invest money future entire country I m sorry guy I m fine feel good you re glad break I m thomas minto russia take 1916 idea fuck sorry good luck kid wait minute yeah yeah know round corner street block can not miss dear family room tenement building low east russians italians germans irish scandinavian neighborhood like small country border city street different language custom friend americans i m sorry I m sorry I m sorry I m sorry I m sorry mama hunt new york eat like triple world smell i m sorry I m sorry I m sorry I m sorry
6PKq7YSpO6c,38,It Takes Two (1995),man want right daughter daddy she s go to new mother woman long mother drop bat let let smash bowl child warner brother perfect answer I m woman house you re yearround boarding school couple identical stranger decide play matchmaker get to meet they ll fall sure welcome world somebody help look like real jerk horse iodine butt cut guy like like girl food names cookie muffin omery girl like live happily simply wait day win marry they ll ditch big bad witch come hair taste like balloon snailsmith nice warner brothers family entertain invite share food good fun huna horse fun yes kristie ella steve gutenberg olsen twins mary kate ashley take lady save stay tune
XuHEa7pWAQY,39,Clueless (1995),see alicia watch aerosmith videos treadmill tape give studio hand script say girl say stuff think say read go mean brownhaire like tyler like do not mean come meet go restaurant drink straw like lift straw lift drink go she s cute thought oh get use think maybe adam harwich beastie boy tour kind nerd kind guy paul cute read like lot look see restaurant cut hair get like say see far east gump read do not hear thought get exchange cut hair hate screen test like hair piece do not look right look bad good say wear cap sorry that s get paul red
OXc0-EME0C8,41,Richard III (1995),century he s call great villain time motion picture tell story tell united artist pictures present winter discontent richard dark royal family long bear blunt upright bitter scoff stop throne ruin family smile murder smile ambition mask passion kill husband beauty undertake death world hatred disguise love send brother richard brother richard hate job head brutality hide nobility I ve son royal blood slaughter daughter man evil come earth earth hell conquer lead come hell shall tempt devil yes devil tempt good richard thorn
CvsAuHYBgEQ,43,Restoration (1995),time king world commoner ordinary physician come court fulfill royal favor know summon le clamond say married understand mistress understand right madam need man far enamor woman general mistake level particular keeper bright girl he s forsake true call gift understand king plan life folly err king love use youth near paul hmm prawn jespe paul thing forbid king fall love wife love ask need thing specifically forbid drive paradise man send injustice robert downey jr sam neal meg ryan david thulis polly walker grant fear I m dream matter awake
K5_2VgJUSBA,46,How to Make an American Quilt (1995),decide away summer make sam nervous think I m leave night propose hell come pick september maybe maybe know suppose person rest live long remember grandmother friend quilt bee you re make state fair you re wed quilt honey you re thelm bride yeah can not can not love people want lifetime what s mean navini unnatural state bring talk fiance you re get cold foot mother get she s go dump boyfriend sad quality I m have life big people I m excuse foolish thing I m young suppose foolish thing come time life I m engage married want friendship plan future bit move mean look past young lover seek perfection old lover learn art sowing shred see beauty multiplicity patch universal picture emblem entertainment proudly present story young woman eye open I m wonder exactly get woman who ve see let ask choose marry lover marry friend choose winona ryder ellen burston bancroft alfred woodard kate melligan film jocelyn moorehouse american quilt
SpKbZ_3zlb0,47,Seven (a.k.a. Se7en) (1995),like live thing wear blinder times detective william somerset look way you re retire day you re way go long live detective david mill look way spend wake hour time leave ill friend enemy look I m go come year ill true yeah I m soso homestead they re catch game fingerprint witness kind nope thing know guy right he s totally insane price sin dead seven deadless answer glad meet you re go come look greed touch sloth wrath pride lust envy seven expect body find tuesday morning hate city do not definition swift justice body victim guy methodical exact bad patient he s laugh gun he s murder away complete masterpiece let finish fred pitt morgan freeman gwyneth paltrow see like seven
DSf_pVG8QZM,48,Pocahontas (1995),walt disney home video proudly present extraordinary story american legend bring life hoka hotta daughter chief mother spirit go take come live life freedom way watch explorer search adventure new land come man do not come way look world different pale visitor strange near destiny walk walt disney home video come celebration american spirit hoka honta come run hidden pine trail forest come taste spandas berry earth believe dream hoka honta ask seek hand marriage think dream point path follow heart find love change world let speed guide love father bravo 1996 disney allnew 33rd fulllength animate motion picture come video do not want ribbon you re floor past seat music academy award winner alan winkin lyric awardwinne lyricist stephen schwartz sing voice mountain hoka honta paint color wind
J5mszOh_Qis,49,When Night Is Falling (1995),championship college man come question ethic andrew behaviour fine christian woman credit college faith suspect indulge physical pleasure marriage marry I m marry job think martin mitchell meet white uh randomly do not know you ve check laundry think switch route mistake come i d love moonlight head throw body fire approach homosexuality problem I m sure consider problem seriously kind war war question go like strong do not people like friend tell body movie yes exactly like film wreath gun thank
oiXdPolca5w,50,"Usual Suspects, The (1995)",I m man i m man i m man i m man i m man i m man i m man i m man i m man i m man i m man i m man i m man i m man wheel suspect there s thing shake there s way they d lie felon room usual crime usual modem harbor kill man kaisa kaisa see kaisa soon usual suspect keaton i m businessman mcmanus there s can not hockney he s real verbal killer fraud people sad talk do not know want know do not think exactly there s lot story believe world great trick devil pull convincing world know he s do not exist you ve get look usual suspect I m smart I m go find want know like work kaisa soze feel owe expect live 91 million dollar kaisa soze agent criann mean devil I m tell kaisa soze kaisa soze keaton say do not believe god i m afraid believe god thing scare kaisa soze
2BBKx2Hji_0,51,Guardian Angel (1994),I m certify detective christie mccay lapds file drop do not chris quit partner kill end business love woman beautiful plain sexy sleazy sophisticated want protection psychoexgo meet I m little bit scared know have not ladella course need bodyguard near good person job want woman protect 24 hour day he s qualified professional yeah he s cute do not place maybe ought talk kyle I m go professional I m go professional I m go professional real money miss mika do not need stuff david counterfeit operation nina know he s brother plate lactina know plate lactina you re miss mika
K4MltltKq4k,54,"Big Green, The (1995)",radical finally happen town red flip town wrong place like elma code red little news oh I m go to teach ya way big event do not waste time abc loser person oh do not try world difference want want disney picture present soccer ball story bad soccer team do not play soccer hit field show potential that s team player get little kid girl team they re goalie you re start thing oh josh I m good well kid captain wants quit embarrassing new player I m man shoot blank oh kill play small town state they re probably go he s there s where s where s elma big kick live oh oh where s elma elma come maybe new kick quick kick people bring disneys angel outfield hey know they re get well come year comedy hit come great get real game disney big green sale january 31st video sell
jG9pUsmjAO8,55,Georgia (1995),experience magic extraordinary movie critic call 10 good film year jennifer jason lee academy award nominee mayor winningham georgia georgia gift great man dad god kiss thing let sadie dream I m sadie flood sing hear you re look backup singer be not powerful story sister I m vicham sadie give damn price fame do not want know lock away bathroom half hour find courage dream come true great great chicago tribune call marvelous thing go to break there s doubt mind people magazine say rivet yo embarrassed do not want anymore los angeles times declare georgia heart soul special privilege bring sadie flood georgia way triumph love georgia
ThH8WocPRM0,57,Home for the Holidays (1995),overwhelming good experience movie I m say phone overwhelming good experience I ve phone start academy award win holly hunter piano copycat broadcast news amazing impactor happen kind brilliantly know happen robert downey jr chaplin hagen solve undoubtedly I m fine director woman fast tell like wind academy award win bankrupt graduate thickness god watch work high know know know little girl little girl woman say she s get look paint good vincent van gogh be not man japan give 63 million life take steve gutenberg man baby cocoon write script laugh remind family cynthia stevenson player pay experience instead pay oh throw dylan mcdermott steel magnolio cowboy way mess know that s pretty family they re kind mess parent can not can not wake geraldine chaplin dr javago nashville excited have not read original different exciting thing flash flash charle durne sting dick tracy prefer ensemble thing do not happen can not wait god damn christmas premier cast thing you ll that s uncle that s brother direct hollywood talented artist stop case keep accelerate explode stop lord come come come come house leave news film love hate family do not like gerald family meet street come phone number bring away
JYoWGIrXiz0,62,Mr. Holland's Opus (1995),day teacher mr holland excite nervous academy award winner 1995 academy award nominee richard dreyfus stars movie critic call year 10 good picture kind music like listen rock roll powerful story hope man inspire come attention teach student rock roll use think help teach student love music challenge face mom call do not think hear dream chase passion want want care teach people life change like dedicate song son change siskel bieber thumb richard dreyfus mr holland opus great pg
JAAhQwcJ20U,63,Don't Be a Menace to South Central While Drinking Your Juice in the Hood (1996),do not want hang street want finish school education kind work you re go sell drug pimp woman work security eddie murphy milo max phillip brazil sean wayne he s size boat motion ocean marlon wayne mama mama keenan ivory wayne they re bad circular motion rub stomach punch head role model let tell yo punk nobodys give fine youth can not tell clean room get pump creator scary movie I m scary movie 2 say talent come movie new york post home home hilarious hello man taste yeah yeah ready let funniest comedy creation year say look dallas martin luther gene siskel say get lot big laugh child meet nice man daddy oh dvds 14 word title do not menace south central congratulation get job drinking juice hood I m ready work video oh time
Psql1jhaIiA,64,Two if by Sea (1996),mind you re contractor thief right contractor thief thief know get day job like house want kid talk like italy hormone thing like talk crosstown bus know I m wonder I m sit wonder plan seven year risk case get pick painting drive road island think ride country plan oh yeah like homer simpson plan pretty small time answer form hour painting number small time man place gold making that s people I m know like people know open open idea new experience thing like you re cashier I m that s way go to good morning i d like sail yeah can not sailing rise hate boat okay should not eat celery think sexist woman do not house boat fine car get find happy crateness lady do not learn fish thing like little sandra bullock dennis leery sea can not do not need
MubmJ2jwvOM,66,Lawnmower Man 2: Beyond Cyberspace (1996),mr o lot man till door neighbor experiment turn tell I m man i m man i m man i m man i m man i m man i m man i m man I m man wonder get experiment turn demon tired thing lose world peter find secret talent pirate future snow I ve see snowy earth I m hero anymore I ve get stop jokingradio 2話 ahead ready face access credit account card little atm machines department water power destroy world you ll turn uniceye cyberspace jack hint new world order follow john material world fade away glyver face remain can not save i m savior
z7oSfRVevzU,67,Two Bits (1995),give break right be not haha young america cent hard time know get dime hit someplace that s need money simple pleasure mean church I m go se song grow south philly great pleasure imagine la paloma dark theater cowboy indians cop robber saturday matinee wonderful world special day will not little ship say you re go sure grandfather give lucky quarter give quarter twobit coin life like movie yeah time somebody go there s maybe dozen ball ill suddenly star story adventure oh intriguing time upstairs bureau like you re mystery thought want happen business wonder fall love man approach wedding night he s go virgin rest life do not know make b version miramax film present jerry barone mary elizabeth mustrantonio academy award winner al pacino story memorie childhood magic family miracle dream come true bit
9gQuxMD5jzU,70,From Dusk Till Dawn (1996),get hour el paso right border I m stop motel stop actually go stop motel yeah border motel home do not want stain roach haven motel what s contain ok ok maybe low result break buy come want stop anyways dad I m exhausted exhausted lie dad drive mexico bet do not think want night sleep honest goodness bed bid home ok you re like real bed excuse ill rest room oh guess call machine check message bethel vactis mr franklin say would not permanently replace came say that s nice tip ill tomorrow tell that s bother wait daddy do not want talk scott get upset want know do not believe god anymore pastor
YC3npzqwXcs,71,Fair Game (1995),detective max kirkpatrick rule break let slide attorney kate mcqueen make enemy job marry divorced boyfriend live go I m suspect profile try kill miami i m local shoot tourist want settle court tell get woman get right tyler stair right wait away window suppose big address try kill do not want help problem lawyer do not want job I m cop I m badge do not choice he s small room stair he s hell go lieutenant somebody know okay I m stand you re say can not trust cop that s right big fbi trust do not shoot night young stand chance I m leave friend do not know use gun mask use camera principle point shoot I ve get run william baldwin go hit cindy crawford young fair game good right kate
hck5I4F1OgU,73,"Misérables, Les (1995)",fall 1939 road outside paris stranger tell simple man extraordinary story lead journey transform life claude lamouche internationally acclaim director twotime academy award winner come powerful motion picture family flight evil unforgettable man choose lead way inspire victor hugo belove masterpiece leïse vavle warner bros present epic story misery enslave human spirit love set free jean paul belmando triumph tell victor hugo classic tale let zerab
GJ6-ymSjShg,74,Bed of Roses (1996),wonder record place order anonymous gift secret admirer oh god year send flower yeah clean city incredible arrangement flower meet marry marry question like walk night window dark say see standing crying have not stop think sad want come there s i d like oh incredible thing completely amazing yeah time afraid late think I m love tell rough shut fall love want spend rest life he s change lot catherine die lose second afraid happy do not think he s worth risk know ill ill wondering who s make happy I ve see hear ill kill okay okay okay
1AeAvE3FxQ8,76,Screamers (1995),world overlook long forget settled commander joseph hendrickson bad hell home new terror midst screamer develop alliance earth neutralize war ground know dead yank brain pretty smart maybe smart notify design protect enemy turn sight line know hear scream get quiet smell death chuck get new kind screamer like thing suppose look like oh mean suppose look like they re smart that s bunker what s get inside that s killer start way tell man sheen sound scream thing be not truth they re one dead they re one dead they re one dead they re one dead they re one dead they re one dead they re one dead they re one dead they re one dead they re one dead they re one dead they re one dead they re one dead they re one dead they re one dead they re one dead they re one dead they re one dead they re one dead
xjPZbigB4NA,77,Nico Icon (1995),come well watch step she s go break heart true nicole do not know come famous nico build clown day goddess pure purity pure beauty thing start liberty way walk way talk song well write they re good million people have not hear number 37 grow she s go smart frown clown icon freak beautiful kind freak act different time different time year wish different time different time year wish think charming day meet walk step rafter walk travel guy crobat money food freespirite little bit desperate immediately attract like immediately second do not know truth agent mike ink introduce I ve get special nika be not think nika like sort dark manage figure warmth security erotic I ve connect obviously death death prize come like old friend talk know know life I ve got know time minute die multivariate form attraction light interesting left decay death desire one extinction close nika desire extinction life border extent weirdism like trait noble character that s sick I ve I ve choice I ve I ve choice I ve I ve choice I ve choice I ve choice I ve I ve choice I ve I ve choice I ve I ve choice I ve choice I ve choice work know look like god be not chelsea girl creature blonde malignity tree moon goddess lamp um little aged junkie suddenly knock door I m flat uh guy stand old friend suddenly hear voice hello hello there s woman walk step big woman know strange eye introduce say nico friend rang bell do not know say use toilet okay know half hour know say what s go know say oh nico know nico nico do not know know say know bell that s ground know ah right sense know know know know toilet half hour that s meet end know academic life time tunnel emerge completely crazy little world little world van absolutely crazy universe know little world sort planet revolve moon sort revolve moon music we d kind swing jazz bebot drummer drama kind guitar hero play like pete townsend leap know smoke bass player college boy play piano proud fact tooth rotten hair grey know skin bad needle track like aesthetic relaxed atmosphere van 10 mile border shit break loose people stash thing ridiculous place nico put heroin ass know mean people panic know go customs give like tour worth syrinx know like great barrel syrinx give mean I m custom guy I ve get handful fucking syrinx that s deliberate know queen bad girl know terrified manager know fight mean knife fight time get ferry guy hire sound kind nervous anxious know do not like smell van know people cook heroin kind get ferry calais nicos manager sit guy sound guy drive nico sit get past customs nico suddenly pull knife I m go to kill I m go to kill grabbed alan jacket i m go to kill I m go to kill guy come crazy know van fly road know mean send like life know suddenly there s crazy woman try knife that s ordinary morning decide write book time nico money want celebrate aspect life people live do not normally attention wrong literature failure case possible prince прош head end 1940 scar father imprison land meet theel kirg mit rim원이ta father write bloodre sky berlin fire fire let child berlin come lywinau come hospital sister daughter lywinau end son soon half year later go lywinau she s son sing pass away suddenly lonely leave comingwante mux shed time chill hire hepніe gratjihe shed dress would not blow away live life 2012 small lady go house small princess dress look like pig head long neck good find girl find girl great thought know good know good that s find girl tell rich rich girl tell little girl want little girl birthday party beautiful little beautiful time child bear year lose joy father do not know that s child small that s half year old half year old sister mistake way mistake get wrong decision that s wrong be not dead head live take deal hitler right soldier anymore mean adventure guy word do not look like christian think thing know kitchen room look shop do not know think place tubias tubias good grass eastern gate adventure midnight come road train parisian engage stegwick eastern gate lose go paris 16 year old play game want hand like milk glass work wonderful thing open night tell mind inside dream tell kind say wish milk feel music understand art like dream beautiful beautiful person leave tell night tell night yes niko live paris tell photographer call tobias tell niko start make photo tobia call christa pavegan tobias say beautiful mankind change paris know call niko that s beautiful that s call niko do not christa do not find beautiful christa beautiful ah soalement soalement terri méba urte soute salle méintant think good good ask question sing say long time sing like like chantonelle fredonée say you re beautiful bring professor new york time start work work that s copy niko nowadays day 1960s lot nikos tall age speak english speak german speak french speak language articulate speak language get look people time impose I ve fond niko niko pick do not pick pick eat brusque there s sort drug store remind play door table elegant speak friendship speak speak do not speak instinctive do not hate people int capable hate people do not like people scare death everybody call day away new york adventure child go watch tell recognize long term father tell true want recognize etc say I m sure want marry etc bonjour bon chance nico papa tucken do not love nico peska love attach affection sex anybody delo want know delo enjoy doubted think do not enjoy vulgar sort evidence detach evidence butcher vulgar can not bear know say rotten actor rotten man know family sell bring sossager thing like know you re bear thing you ll grow sossager cellar can not actor nico time unrooted understand rascal mother thing nico sort object do not want object know object do not know control thing moment like disappear night people like play game lesbian do not know tell lesbian hate people touch could not bear love nico nico love I m little knight land foot visit yes saw sign know people imagine buy hat see hat personal do not need anymore newspaper frenchman article search say son search go baby little like year ago husband like go leave arm touch lot find son believe believe word true believe son accept know baby year ago took call son say choice baby son go say eat can not eat that s keep think small take take go belgium go logo like eat guard hotel airport do not know live bohem day come end year bring united states come orange husband looked take like want take do not year do not son send school come leave address live house mother cry die cry big letter trust cry ask heart daughter big girl do not want raise child like love lot say see woman beautiful intelligent yes sad woman sad kid life live child dear easy time come do not want moment despair do not know suppose that s I ve I m moment despair husband decide 17 year do not son child you re pain cause I ve live new york 1959 modeling fort take act lesson lee strasbourg marilyn monroe class exciting say join new york bob dylan introduce tell andy peaceful guess want look magnify glass everybody help discover say i d fine nico hear nico day afternoon factory work table silk screening help gerard come elevator gerard munga factory say hey everybody want hear record new friend nico little 45 record stereo system play I m say love I m say can not I m say ill want can not heart ill tell ill send fascinated like marble sculpture goddess come hall sun day goddess pure pure beauty will not deny time maybe let way girl super star feminine super star wear dress skirt nico wear pantsuit black white unlike girl like thing want I m say I m true I m blind interesting nico singer exactly week come discover group somebody bring accident call velvet underground perfect group underground word underground they d day job throw place village street cafe bazaar people could not dance music sing group singe lou ree good singer good personality actual performer sort shy type stage think job that s andy come save situation that s join response nico band call velvet underground try do not believe painting anymore think nice way combine chance combine music art film sort work thing audition tomorrow 9 oclock i m style new radio glamorous I m wait man 26 dollar hand lexington fist dirty mold do not alive I m wait man perilous lot people could not come would not come hear come leave immediately aura intense highpowered people andy magician wizard nobodys able attack type intense sad desperate people middle circle begin explode spirit course equal equal equal lot sadness desperation neutral that s people specialty factory synthetic aura come skill talent accept andy rest group player play allow interact want underground people be not interested fashion anymore idea have band place offensive people especially lue who ve variation robot eventually have drummer sort cap frustration have girl member band good publicity movement bandy understand value have beautiful beautiful blonde lady stand playing tamarine that s think hard believe flow beauty do not let feel eye darkness break people factory loquacious verbose easily talk tell nico rarely speak speak inner life inner life strictly keep inner talk nico interest interest basically impressive look boy scare mainly man boy course like cute boy probably afraid like probably get crush mean we d see happen time oh can not talk week later they d know lover completely stun figure go that s say day i d mirror feel love beautiful tough tough like stunch lovehate relationship lose affection nico quickly fade think reason personal reason musical reason do not think anybody impress musical ability mean singing tune kind objection bring actually reduce tears studio want sing soft voice hard dramatic voice succeed finally do not play tune care play grist middle think accommodation good heart shiny shiny shiny book leather flash girl child dark constant bell yes servant forsake man stack mischief cure heart nearly exceptional unworkable perform record band outcast do not forget andy warhol package famous attraction andy warhols travel circus tired weary sleep 4000 year thousand dream awake different color tear nika solo thing read company individually sort spin band sort spin think sterling morrison accompany night think great 20foot poster new york i d see mean i d see poster go couple week go couple day get tim buckley say job know accompany want lover do not think risk day day afraid live life service I ve lose long think paul andy want nika sing inside plexiglass box think way make know kind know modern pop know real nika would not know make music look song oh sadly sound song cream scent die prisoner throne superficial sign mirror free bow scrape ground foot frozen word agree time bird send fly castle wall I m weary night I ve see inside hall start point have real resentment good look hated fact people think beautiful thought sort disgrace beautiful stupid german perversity guess day model artistic know artistic like janice gapley screen lung die drug addiction common morris end beautiful friend end friend end sexy person do not need ask nico unfortunately can not ask smitten set free want leave end laughter end fly soon end night we ve try die nico jim morrison meet simply drink vodka swallow handful lsd sicklecill up downs unbelievable hear story castle los angeles bring meet think cute couple do not word stand doorway stand stare place floor hour pull hair sort go like moonlight sort stage kind ritualistic fight I m actually go house come running room say oh danny try kill say oh sleep go kill take clothe walk naked tariff balance standing meet day romance end friend end safety surprise end go heart obsess jim morrison hear photograph jim morrison visual light little candle shed light night go bed practically prayer jim morrison alive soul brother turn write song think I d cry point look write time write remotely feel like wind fall end time feel like wind fall end time story want story want story tell story tell mother baby you re who s baby you re who s baby feel like wind fall end time feel like wind fall end time totally change image blonde wear white head live dream statement different person everybody shock everybody say nico that s awful look awful ugly get happy happy call ugly solitary dream occasional friendship strike abandon transitory nature kind flotsome furniture life derelict emotion highly personal powerful marble index shoot day good record like shoot movie contribution european classical music turmoil development grow eye got band certainly nico that s time find sweet that s write positive barely hear do not mean touch child call throw time end meet love deserve happen work rome friend philippe gagal directing film come nico viva straight factory rome say hear you re make film viva fall love michel odare young french film director nico fall love gagal do not role film that s love affair begin artistic relation be not would not personal relation get derive poetic view galaxy enjoy nico armonium singe funny valentine sure do not do not need gagal sort galactic thing poetic thing do not exist would not music appropriate image start philippe have electric shock treatment that s call film inner scar madness scar brain scar brain that s hospital clinic near home room send time give electric shock do not know discover horrible ego maniac world do not limit I m person need outside outside feel way little cell like locked fact do not know introduce come person do not problem withdrawal happy creative rare daughter daughter course pigala want I m happy income money find heroine ability live interesting that s I m maybe think little bit target come important common people we ve lot film long time activist activist activist niko drug addict good person mean good understand what s go understand what s go I m go leave dead I m go die I m go die I m go die I m go die night room miss 22 time fan love brother alive philippe garvel that s important thing paris alive god blue life black dark bright wind sky cover darkness light close heart cigarette light outside sad sit hour think intellectual go hour sit like look man think help take break meantime situation bit stand stand theoretically do not come talk bit ugly blood mouth live life bite strange situation australia paris obviously happy word try speak german course time like outsider today comfortable break yorker go end look middle building feel go chelsea girl wife nice group cool important do not think strange change say different lot work fiasis caldre pressure clear real miser difficult circumstance that s happen evening yes fix cut head know know know mother fix do not understand grid I ve regret bear woman instead man regret black screen eyelid think image show true young man wire smile climb pile look like pizza climb pizza pile joke climb page hell yeah broken we ve separate bloody bureaucrat law mother artist artist belong being I m belong miss eat day I m meal dream send want find face hold place think thing let agree say true die marschukrev that s way think die prey grist soul organ important person tie belt carry she s true gypsy life asleep evil lung land titanic sister strap banishment state father die 1942 parent shoot gestapo picture face lose look like gregory peck personal friend magandy nocurre pie help jews that s get shot hitler personal order throw common ditch hundred thousand spare word hear nibelongen nibelongen nibelongen land person world do not think know know start drug adoption thing sad lose awful call grandmother like soul stab start you re right great great would not great anymore killer threeweek coma dead clinically love machine mother come want record sound lifesupport machine record decide stop methadone 1986 take that s sum kill definitely say byebye ill ill mork miss oh yeah kisea fucking hell you re end world turn kisea hello darling let cafe long forest like like like cloudy borderline frozen morning close close frozen borderline intennableness reflection rise smile eye intennmine frozen morning close close frozen borderline frozen morning close close frozen borderline road station track paint flicker mud fly thousand cycle thousand cycle come thousand time win thousand way run world similar reply city city city city prior stumble cloudy borderline frozen morning close close frozen borderline frozen morning close close frozen borderline close frozen borderline
kDdwRURSEzI,78,"Crossing Guard, The (1995)",he s trace route he s count day he s practice act what s greatness he s john booth I m go kill year later man forget you re guilt little competition forgive I m go day threaten kill night walk marriage people good do not wonderful tell dream drive pass elementary school there s crosswalk cross gartis john booth freddie stop stop stop dead she s come matter kill john that s job life job happen jack nicholson david morse robin wright angelica houston man wait lifetime cross line can not wait day cross guard miss
Awng-jZnkoY,79,"Juror, The (1996)",shave money say you ve hear case sir have not serve jury duty safe perfectly safe know live mama nudge you re go to lowly bufano trial need little excitement right turn drawer leave get to thank eddie 12 man woman sit jury choose laryr thought know die sucker okay get get long court session mere listen danger son danger you re kid right dangerous time commit childish error lose quick oh god protect shield jail justice oh god save save save I m dead I m dead I m dead word precisely know guess guilty chilling bestseller juror do not worry ill step way
jL4l_tyPC0Y,80,"White Balloon, The (Badkonake sefid) (1995)",tradition bittoria de saker bicycle thief francois truffaut 400 blow october film proudly present white balloon comic gem perilous adventure childhood say detroit news miracle equivalent western cinema say new york daily news world seldom see come story universal emotion young girl take incredible journey forbid city globe mail say star dazzle white balloon beautifully tell fable say film comment white balloon perfect simplicity charming say new york times direct lovely precision detour magazine say white balloon restore faith cinema celebrate foreign film year winner cannes film festival cameradot international critic prize white balloon
i1o_PO3ridY,81,Things to Do in Denver When You're Dead (1995),hey tell jimmy saint jimmy saint good man you re different jimmy decency leave bad world glide glide glide attractive quality you re thing amazed day old boss force get load want action piece work look want pick brother day shoot beer absolutely you re crazy man smooth bill you re go jimmy move van bring kid scare that s easy look big man look good big mistake idea do not need help stop look dead body dead body dead body dead body get 48 hour leave denver time run pass miss shush leave chantacilla westerner mrs simp he s get 48 hour buckwitz buckwitz jimmy wrong thing right meet do not want hurt learn do not stand go running albuquerque call party andy garcia christopher lloyd treat williams william forsyth gabriel n war bill nern jack warden farooza balk christopher walken know look forever would not thing denver you re dead
qiAyu1qKkfE,82,Antonia's Line (Antonia) (1995),1995 academy award winner good foreign language film home video los angeles times calls antonias line robberable crook exuberant siskul ebert thumb special film antonia return home raise daughter lie mother rest move old friendship live leave fall love antonias line grow know forever critic adore film 1996 movie video say compelling irresistible comic magic like water chocolate bmg independence proudly present awardwinne film celebrate love life antonias line
UwkAOHd8WRU,83,Once Upon a Time... When We Were Colored (1995),small town american south year big city begin root ring deep people hold tight friendship forever pleasure bring ice day family time test courage hey look change live forever ill die day field highly acclaim classic novel intimate epic story struggle look note word read poppup strength need know beat destiny do not sorry alfred june do not build country lot breath hope die time little try away felicia rashard go to eye man I m go to leon you ve team minister trouble sally richardson melvin come come mother leave polyburgen polyglomerate burst dead bone come loud brain richard roundtree you d thing want burn hard oh build opiate duck unforgettable saga american family time color
FmYKCjilWAs,84,Last Summer in the Hamptons (1995),family go yeah tell come know common problem know she s normal movie she s huge everybody mother know you re go love they re go love do not know they re go love god hope have not see movie she s house like she s house people fight yell perform dawn dawn world big dawn dawn know have not grow house family would not able write you re real gun yeah get la easy gun la get way play upset you re small predict read play oh right play write play life life write life life write love writing play know play little jake writing want talk angela relate character character angela like bear play angela incredibly rich character know play I ve pretty um pretty sex mean yeah sex sex long unbelievable feel power I m stage tonight wonder can not sense power life feel go hollywood way move feel like like vomiting time I ve lot people like guy start like start have good thing go long come wonderful smart handsome jake take away chase guy course guy go jake mean would not maybe fault attract gay man play play sister edipus tartif agamemnon oristaya family family know do not understand beer beer hell difference beer I m thirsty look gas family barrel theatrical eel poison electrocute crazy family I ve see life worst definitely passionate love love love love love love music
bdqnz-FtIog,85,Angels and Insects (1995),elegantly perverse siskel ebert give thumb world wealth privilege take interest natural science arrival past outsider do not comfortable you re man love nature passion beauty like woman want think marry woman dream go happy underbred sir glance warn people house great deal issue future hope build come destroy past imagine know bad possibly understand shock come reveal make heart mean pasta little mouth open eagerly rest life injuice angel insect tell destroy tell patsy kelsit lethal weapon 2 great gatsby awardwinne actor mark reilens prosperos box awardwinne actress kristen scott thomas weddings fuhrer richard iii upcoming theatrical release mission impossible extraordinary film that s seethe sexuality pure magic unabashedly erotic patsy kelsit deliver remarkable performance angel insect
BRgCb1QjOv4,88,Black Sheep (1996),do not leave governor washington state oh wave capitol there s small problem brother hell marquis adhere heart right place unfortunately rest oh god get pose wrap find man control okay good day want exactly tell yeah okay talk know place outside town bed get dib okay get dib bud shut want today what s black thing wow help can not car bell boy feel like horse pituit paramount picture present black angel death chris farley power people oh god I m dead david spane hey gang open convention town yes night eye size leak car new comedy director wayne world jack fred plug black sheep okay I m stand get bullet chocolate pudding underpant do not pudde buddy there s family
o6trRzB8fiA,89,Nick of Time (1995),ready do not run sweet beast stay close daddy perfect ordinary man identification sir excuse sir choose chance come sir let what s go cause raka center want little girl do not come listen maam ill daughter drink fear pay attention listen mr wonson ill listen mr wonson yes there s picture woman itinerary kill woman picture thing yes mr wonson 1216 woman picture alive 130 partner woman picture year daughter oh god waste time do not time need help I m barge tim do not want hear there s little girl van she s daughter drag know trust everybodys involve I ve watching get daddy go I m security people involve I m go do not think late paramount picture present see johnny dab remember fan christopher walkhead like warm little hug wiggle thinking honor present governor eleanor grant nick time real terror time real time
qgHHBYzgL-s,92,Mary Reilly (1996),night come end long journey great breakthrough house dr henry jekyll good morning sir they re live chamber maid name mary riley feel safe I ve decide assistant mr edward hyde intend run house face come dock like people afraid you re I m sorry I m suspect truth doctor assistant mr edward hyde mary dress need urgently protect secret sir say illness fracture share pain courage come clean bad door hit we d like search doctor laboratory do not think there s sir feel passion he s wait sleep he s wait destroy you re close feel kick door julie roberts john melkovich do not know you re right
0AvkCamSj5o,94,Beautiful Girls (1996),good friend get stash ecclation town high school reunion I ve exactly minute big problem ill brown buy color diamond girl you re see man you ve eat tart sandwich they re fall love sleep think comfortable beautiful girl they re sister trust they re sister big conspiracy comedy critic call hilarious look you re favorite yeah that s nice right silicone city hang overcoat sexy think well make love attractive strange middle frozen lake oil lake guide away world great comedy chicago break know chicago yeah know like soldier feel siskel ebert thumb want drool obsess lunatic okay that s fair matt dillon academy award winner timothy hutton rosio donald natalie portman michael rapaport academy award winner mira sorvino academy award nominee uma thurman hey john do not know look beautiful beautiful girl dizzy feel high beautiful girl powerful good love he s insane he s obsess you re obsess beautiful girl seriously funny hit movie director te demi guy gender get grip future human race jeopardy
oA7M9qSJKrE,99,Heidi Fleiss: Hollywood Madam (1995),idea big money girl huge world rice convict precounse pandering carry far harsh penalty prostitution big money real fast there s young pretty girl lot rich man people imagine prostitution shock lot people want like typical california innocent I m touch 18yearold blonde want find mmhmm honey talk nasty weasel guy person good friend she s probably horrible human being I ve life lot time hire sit watch drug way man like different person mean icecold bitch want reveal hi honey sleep 30 guy here money let home sleep think happen have not attract person likely destroy lot think
OlCO01s1upA,100,City Hall (1996),feel city go to explode talk gun I m talk corruption I m talk 2000 shooting year begin shoot get shootout williamsburg yeah there s death they re connect that s know that s want know kevin you re right hand you re mayor right hand think gunman think gunshew dime novel be not suppose pipeline mayor tell somebodys take wrong street want stay way hell away I m sorry you re welcome you re awesome john kid think elect president go to forget get do not forget do not forget do not run office instead carry mayor bag consider honor do not know carry bag fill night thing think city need diamond control kevin damage control palace city palace king queen prince duke subject beholden well place live incident away choose fight city city palace
hspUSez-rYY,101,Bottle Rocket (1996),preparation good know that s special thing thank say sound like brag bell ring obviously good quickness yeah pretty fast real fast bell ring include coin collection earring take earring dignan bell ring buy earring mother birthday maybe rob house think outstanding young man bell ring come baby rock tonight bob maplethorpe potential getaway driver want team I m car that s good that s good fit right bob anthony speak english amazing close girl you re allow talk name dignan man army yes short hair team can not focus gun table pay shut man do not settle pound pug man settle bare knuckles cup coffee want want exactly let lucky exactly say let come bag big idiot think idiot punk big bag atlas ridiculous service do not tell kid get good damn wife mr henry hey henry talented thief hey who s kiddin do not know do not want robbery man break hard know do not think they re go try get man know backwards know forward we ve legwork we ve research right you re lunch yes bob hey hey stop I m who s lawn key key hold think laugh gas chopper incredible going think I m go explosive necessary
